[
    {
        "title": "iPhone 12 Mini",
        "description": "Mini",
        "price": "600",
        "brand": "Apple"
    },
    {
        "title": "Samsung Z Flip",
        "description": "Flip",
        "price": "1000",
        "brand": "Samsung"
    },
    {
        "title": "iPhone 15",
        "description": "Fast",
        "price": "1300",
        "brand": "Apple"
    },
    {
        "title": "Google Pixel 8",
        "description": "Fast Charging",
        "price": "€799",
        "brand": "Google"
    },
    {
        "title": "Huawei P60 Pro",
        "description": "Ultra Lighting Camera",
        "price": "975",
        "brand": "Huawei"
    },
    {
        "title": "Xperia 5 IV",
        "description": "4K Camera",
        "price": "918",
        "brand": "Sony"
    },
    {
        "title": "Nokia G42",
        "description": "5G",
        "price": "230",
        "brand": "Nokia"
    },
    {
        "title": "OnePlus 11 ",
        "description": "5G",
        "price": "919"
    }
]